{"load_fb15k_237": {"BucketGraphPartitioner": {"EDGE_IMB": 0.3861639380409019, "VERTEX_IMB": 0.34829978503029113, "EDGE_CUT": 3515.8333333333335, "PARTITIONING TIME": 0.3641483783721924, "PARTITIONING MEMORY": 7158645, "EDGE_CUT_PERCENTAGE": 7.752237105635486, "VERTEX_COUNT": [4442, 9021, 9022, 4615, 9199, 4637], "EDGES_COUNT": [28159, 55057, 62205, 27996, 62866, 35832], "PERCENTAGE_DEV_EDGES": 32.391084651709754, "PERCENTAGE_DEV_VERTICES": 182.21992416408136}, "RandomEdgesGraphPartitioner": {"EDGE_IMB": 0.0, "VERTEX_IMB": 0.017420012883830882, "EDGE_CUT": 11640.166666666666, "PARTITIONING TIME": 0.5052478313446045, "PARTITIONING MEMORY": 6536461, "EDGE_CUT_PERCENTAGE": 25.66626977127065, "VERTEX_COUNT": [12635, 12552, 12569, 12413, 12275, 12068], "EDGES_COUNT": [45352, 45352, 45352, 45352, 45352, 45352], "PERCENTAGE_DEV_EDGES": 16.755198187606737, "PERCENTAGE_DEV_VERTICES": 415.86818055940176}, "RandomVerticesGraphPartitioner": {"EDGE_IMB": 0.08309884287537916, "VERTEX_IMB": 0.0627573131094259, "EDGE_CUT": 11373.138888888889, "PARTITIONING TIME": 93.89410066604614, "PARTITIONING MEMORY": 11343395, "EDGE_CUT_PERCENTAGE": 15.611078320575526, "VERTEX_COUNT": [11674, 12902, 12126, 13079, 12512, 11547], "EDGES_COUNT": [70370, 78907, 75064, 75700, 76684, 60393], "PERCENTAGE_DEV_EDGES": 63.54616032176595, "PERCENTAGE_DEV_VERTICES": 409.17114880706106}, "NaiveGraphPartitioner": {"EDGE_IMB": 0.0, "VERTEX_IMB": 0.005349128483456811, "EDGE_CUT": 12135.055555555557, "PARTITIONING TIME": 3.2901763916015625e-05, "PARTITIONING MEMORY": 796, "EDGE_CUT_PERCENTAGE": 26.75748711314949, "VERTEX_COUNT": [12635, 12811, 12840, 12795, 12843, 12724], "EDGES_COUNT": [45352, 45352, 45352, 45352, 45352, 45352], "PERCENTAGE_DEV_EDGES": 0.0, "PERCENTAGE_DEV_VERTICES": 428.4246811444329}, "SortedEdgesGraphPartitioner": {"EDGE_IMB": 0.0, "VERTEX_IMB": 0.08012804227427472, "EDGE_CUT": 8041.083333333332, "PARTITIONING TIME": 0.1945483684539795, "PARTITIONING MEMORY": 6531397, "EDGE_CUT_PERCENTAGE": 17.730383077556297, "VERTEX_COUNT": [9488, 9620, 9812, 9939, 10629, 9555], "EDGES_COUNT": [45352, 45352, 45352, 45352, 45352, 45352], "PERCENTAGE_DEV_EDGES": 0.0, "PERCENTAGE_DEV_VERTICES": 307.052740434333}, "DoubleSortedEdgesGraphPartitioner": {"EDGE_IMB": 0.0, "VERTEX_IMB": 0.04020351610412032, "EDGE_CUT": 9636.02777777778, "PARTITIONING TIME": 0.3752915859222412, "PARTITIONING MEMORY": 6532491, "EDGE_CUT_PERCENTAGE": 21.247194782540525, "VERTEX_COUNT": [10346, 11410, 10885, 10561, 11449, 11388], "EDGES_COUNT": [45352, 45352, 45352, 45352, 45352, 45352], "PERCENTAGE_DEV_EDGES": 0.0, "PERCENTAGE_DEV_VERTICES": 355.2843846949328}}, "load_fb13": {"BucketGraphPartitioner": {"EDGE_IMB": 0.4818942208870267, "VERTEX_IMB": 0.4231317677465354, "EDGE_CUT": 12706.305555555557, "PARTITIONING TIME": 0.9410116672515869, "PARTITIONING MEMORY": 7086613, "EDGE_CUT_PERCENTAGE": 24.108730597939235, "VERTEX_COUNT": [17132, 40955, 36210, 23713, 42582, 18936], "EDGES_COUNT": [26878, 75122, 57601, 48137, 78102, 30385], "PERCENTAGE_DEV_EDGES": 33.33860384220097, "PERCENTAGE_DEV_VERTICES": 139.2366941179606}, "RandomEdgesGraphPartitioner": {"EDGE_IMB": 0.0, "VERTEX_IMB": 0.04970092162349493, "EDGE_CUT": 23008.61111111111, "PARTITIONING TIME": 0.4818294048309326, "PARTITIONING MEMORY": 7592055, "EDGE_CUT_PERCENTAGE": 43.65546174198104, "VERTEX_COUNT": [40889, 40543, 39988, 39354, 37603, 35341], "EDGES_COUNT": [52705, 52705, 52705, 52705, 52705, 52705], "PERCENTAGE_DEV_EDGES": 16.735266431643264, "PERCENTAGE_DEV_VERTICES": 211.81940682827914}, "RandomVerticesGraphPartitioner": {"EDGE_IMB": 0.5566133561712043, "VERTEX_IMB": 0.5896509844029658, "EDGE_CUT": 25517.05555555556, "PARTITIONING TIME": 465.42379999160767, "PARTITIONING MEMORY": 15164170, "EDGE_CUT_PERCENTAGE": 30.493005901996327, "VERTEX_COUNT": [33666, 66316, 43426, 32712, 35336, 38848], "EDGES_COUNT": [72487, 130260, 85868, 68069, 70454, 74952], "PERCENTAGE_DEV_EDGES": 62.16486820814101, "PERCENTAGE_DEV_VERTICES": 233.61411739617216}, "NaiveGraphPartitioner": {"EDGE_IMB": 0.0, "VERTEX_IMB": 0.00240894907180067, "EDGE_CUT": 27275.916666666668, "PARTITIONING TIME": 4.220008850097656e-05, "PARTITIONING MEMORY": 3677, "EDGE_CUT_PERCENTAGE": 51.75204756032003, "VERTEX_COUNT": [43207, 43122, 43078, 43066, 42992, 43154], "EDGES_COUNT": [52705, 52705, 52705, 52705, 52705, 52705], "PERCENTAGE_DEV_EDGES": 0.0, "PERCENTAGE_DEV_VERTICES": 244.62774675852518}, "SortedEdgesGraphPartitioner": {"EDGE_IMB": 0.0, "VERTEX_IMB": 0.01718271520925474, "EDGE_CUT": 6420.722222222223, "PARTITIONING TIME": 0.31446194648742676, "PARTITIONING MEMORY": 7593205, "EDGE_CUT_PERCENTAGE": 12.182377805183991, "VERTEX_COUNT": [17937, 17537, 17516, 17735, 17550, 17529], "EDGES_COUNT": [52705, 52705, 52705, 52705, 52705, 52705], "PERCENTAGE_DEV_EDGES": 0.0, "PERCENTAGE_DEV_VERTICES": 40.99116506536254}, "DoubleSortedEdgesGraphPartitioner": {"EDGE_IMB": 0.0, "VERTEX_IMB": 0.04546572912215274, "EDGE_CUT": 22605.111111111113, "PARTITIONING TIME": 0.5569722652435303, "PARTITIONING MEMORY": 7592192, "EDGE_CUT_PERCENTAGE": 42.88987972888932, "VERTEX_COUNT": [37693, 37677, 40261, 40367, 36910, 38761], "EDGES_COUNT": [52705, 52705, 52705, 52705, 52705, 52705], "PERCENTAGE_DEV_EDGES": 0.0, "PERCENTAGE_DEV_VERTICES": 208.71500339805183}}, "load_fb15k": {"BucketGraphPartitioner": {"EDGE_IMB": 0.38293370652997494, "VERTEX_IMB": 0.34799585999247284, "EDGE_CUT": 4222.027777777778, "PARTITIONING TIME": 0.7122862339019775, "PARTITIONING MEMORY": 5778262, "EDGE_CUT_PERCENTAGE": 5.2443858334333955, "VERTEX_COUNT": [4622, 9374, 9372, 4782, 9551, 4811], "EDGES_COUNT": [49933, 98480, 110425, 49954, 111334, 62908], "PERCENTAGE_DEV_EDGES": 32.594806990812245, "PERCENTAGE_DEV_VERTICES": 184.3802261020804}, "RandomEdgesGraphPartitioner": {"EDGE_IMB": 0.0, "VERTEX_IMB": 0.006429747497205707, "EDGE_CUT": 14205.52777777778, "PARTITIONING TIME": 0.8739898204803467, "PARTITIONING MEMORY": 11595862, "EDGE_CUT_PERCENTAGE": 17.641577906657453, "VERTEX_COUNT": [13945, 13957, 13943, 13855, 13850, 13657], "EDGES_COUNT": [80523, 80523, 80523, 80523, 80523, 80523], "PERCENTAGE_DEV_EDGES": 16.649564560250525, "PERCENTAGE_DEV_VERTICES": 457.27680664389527}, "RandomVerticesGraphPartitioner": {"EDGE_IMB": 0.08941579038230119, "VERTEX_IMB": 0.042791612894982345, "EDGE_CUT": 12953.777777777776, "PARTITIONING TIME": 172.23050093650818, "PARTITIONING MEMORY": 20237655, "EDGE_CUT_PERCENTAGE": 10.013304234078936, "VERTEX_COUNT": [12830, 13221, 13602, 13025, 12340, 13245], "EDGES_COUNT": [134643, 133652, 140933, 127835, 117726, 121405], "PERCENTAGE_DEV_EDGES": 63.57800678594761, "PERCENTAGE_DEV_VERTICES": 423.7435588569899}, "NaiveGraphPartitioner": {"EDGE_IMB": 0.0, "VERTEX_IMB": 0.006187326648175784, "EDGE_CUT": 14512.86111111111, "PARTITIONING TIME": 4.1961669921875e-05, "PARTITIONING MEMORY": 5444, "EDGE_CUT_PERCENTAGE": 18.023249395962782, "VERTEX_COUNT": [13990, 14058, 14108, 14032, 14148, 14030], "EDGES_COUNT": [80523, 80523, 80523, 80523, 80523, 80523], "PERCENTAGE_DEV_EDGES": 0.0, "PERCENTAGE_DEV_VERTICES": 464.2833255300649}, "SortedEdgesGraphPartitioner": {"EDGE_IMB": 0.0, "VERTEX_IMB": 0.07563680354862568, "EDGE_CUT": 11726.166666666666, "PARTITIONING TIME": 0.38623476028442383, "PARTITIONING MEMORY": 11601251, "EDGE_CUT_PERCENTAGE": 14.562505950680755, "VERTEX_COUNT": [11802, 12694, 12128, 12413, 13337, 12021], "EDGES_COUNT": [80523, 80523, 80523, 80523, 80523, 80523], "PERCENTAGE_DEV_EDGES": 0.0, "PERCENTAGE_DEV_VERTICES": 397.59213430539756}, "DoubleSortedEdgesGraphPartitioner": {"EDGE_IMB": 0.0, "VERTEX_IMB": 0.034022787724800496, "EDGE_CUT": 12008.5, "PARTITIONING TIME": 0.7344114780426025, "PARTITIONING MEMORY": 11600281, "EDGE_CUT_PERCENTAGE": 14.913130409944985, "VERTEX_COUNT": [11950, 12781, 12455, 12535, 13023, 12823], "EDGES_COUNT": [80523, 80523, 80523, 80523, 80523, 80523], "PERCENTAGE_DEV_EDGES": 0.0, "PERCENTAGE_DEV_VERTICES": 405.43107484449195}},